collection,species,occurrences
VIS,anguilla,480609
VIS,brama,301049
VIS,fluviatilis,251589
VIS,rutilus,249073
VIS,melanostomus,236174
VIS,cernua,186161
WMR,subtruncata,170524
VIS,lucioperca,147411
VIS,flesus,107723
VIS,eperlanus,99603
VIS,bjoerkna,84013
WMR,vittatus,77405
VIS,idus,69187
WMR,striatula,65628
WMR,balthica,49892
WMR,fabula,40166
VIS,alburnus,36961
WMR,holsatus,36248
WMR,reticulatus,34700
Aquadesk,filiformis,28232
VIS,minutus,26130
WMR,alba,24689
Aquadesk,armiger,23278
Aquadesk,balthica,23274
VIS,lucius,22141
Aquadesk,elegans,21988
VIS,solea,21464
WMR,solida,21434
WMR,elliptica,21375
WMR,ophiura,19297
VIS,gobio,17558
VIS,aspius,16908
VIS,semilunaris,16880
WMR,rubens,16877
VIS,merlangus,15674
Aquadesk,hombergii,15566
VIS,kessleri,15272
VIS,erythrophthalmus,14396
VIS,aculeatus,14283
VIS,platessa,14143
Aquadesk,ulvae,14143
VIS,harengus,13125
VIS,glanis,12996
VIS,luscus,12984
WMR,scutellata,12750
Aquadesk,marina,12215
VIS,perifretum,12015
WMR,nitidus,11891
WMR,albida,11215
Aquadesk,bidentata,10863
Aquadesk,diversicolor,10776
Aquadesk,bombyx,10749
VIS,marinus,10472
VIS,carpio,10228
VIS,cephalus,9960
VIS,labrax,9869
VIS,oxyrinchus,9704
Aquadesk,cornuta,9672
Aquadesk,edule,9645
WMR,tenuis,9418
VIS,labrosus,9404
Aquadesk,poseidonis,9364
VIS,trutta,9241
Aquadesk,gibba,9192
Aquadesk,cirrosa,9137
Aquadesk,crangon,9125
WMR,bernhardus,9100
VIS,belingi,9076
Aquadesk,arenaria,8983
Aquadesk,conchilega,8886
Aquadesk,cordatum,8855
WMR,maenas,8669
Aquadesk,plana,8618
VIS,barbus,8346
VIS,tinca,8120
Aquadesk,striatula,7791
VIS,niger,7522
Aquadesk,alba,7089
WMR,latipes,6907
VIS,limanda,6844
WMR,cassivelaunus,6622
VIS,viviparus,6528
VIS,taenia,6448
VIS,sprattus,6429
Aquadesk,fabula,6233
Aquadesk,martinensis,6214
Aquadesk,succinea,5821
Aquadesk,shrubsolii,5697
Aquadesk,latericeus,5567
WMR,nitida,5552
VIS,salar,5515
WMR,pugilator,5380
Aquadesk,mucosa,5288
VIS,barbatula,5264
Aquadesk,imbricata,5249
VIS,fallax,5228
Aquadesk,glaucum,5179
WMR,catena,5100
Aquadesk,pilosa,5024
Aquadesk,arenarium,4915
Aquadesk,fornicata,4761
Aquadesk,ferruginosa,4653
Aquadesk,nitida,4513
Aquadesk,nitidosa,4502
Aquadesk,delicatula,4489
Aquadesk,insidiosum,4423
Aquadesk,sulcata,4318
VIS,scorpius,4307
Aquadesk,spirale,4236
VIS,presbyter,4224
Aquadesk,gryllotalpa,4170
Aquadesk,pectinata,4158
Aquadesk,edulis,4137
WMR,lutraria,4135
Aquadesk,irregularis,4021
VIS,nasus,3975
Aquadesk,carinata,3891
Aquadesk,robustum,3784
Aquadesk,subtruncata,3716
Aquadesk,minuta,3715
Aquadesk,cassivelaunus,3705
Aquadesk,flava,3561
WMR,navigator,3448
Aquadesk,ophiura,3437
Aquadesk,tenuis,3390
Aquadesk,subterranea,3271
Aquadesk,pusillus,3186
Aquadesk,setigera,3174
Aquadesk,albida,3130
Aquadesk,maculata,3127
Aquadesk,volutator,3119
Aquadesk,pellucidus,3112
Aquadesk,longa,3098
Aquadesk,lupinus,3015
Aquadesk,pelagica,2992
Aquadesk,dumerilii,2977
Aquadesk,pulchella,2969
Aquadesk,johnstoni,2889
Aquadesk,brevicornis,2877
Aquadesk,flexuosus,2815
Aquadesk,maenas,2809
Aquadesk,holsatus,2797
VIS,mustela,2780
Aquadesk,fervensis,2753
Aquadesk,palustris,2735
Aquadesk,brightwellii,2665
Aquadesk,papillicornis,2614
VIS,amarus,2586
Aquadesk,flaccida,2585
Aquadesk,longimanus,2574
Aquadesk,aurita,2561
Aquadesk,rubens,2558
Aquadesk,sarsi,2546
Aquadesk,inornata,2534
VIS,bubalis,2479
Aquadesk,pulchra,2478
Aquadesk,setosa,2462
Aquadesk,nitzschioides,2441
VIS,sapa,2408
Aquadesk,longissima,2394
Aquadesk,fragilis,2386
Aquadesk,pusilla,2380
Aquadesk,leei,2364
Aquadesk,cylindracea,2332
Aquadesk,glacialis,2330
Aquadesk,benedii,2307
Aquadesk,bipes,2302
VIS,raninus,2274
VIS,gibelio,2270
Aquadesk,ciliata,2265
VIS,microps,2235
Aquadesk,guilliamsoniana,2162
Aquadesk,antennaria,2147
Aquadesk,senarius,2141
Aquadesk,filicornis,2102
Aquadesk,virens,2067
Aquadesk,borealis,2061
Aquadesk,serpens,2048
Aquadesk,viridis,2031
Aquadesk,echinata,2015
Aquadesk,bugensis,1997
Aquadesk,debilis,1991
Aquadesk,fusus,1971
WMR,irregularis,1958
Aquadesk,capitata,1911
Aquadesk,rhomboides,1882
WMR,edulis,1881
Aquadesk,micans,1849
Aquadesk,brachiata,1844
Aquadesk,mathildae,1827
Aquadesk,anomalus,1825
WMR,arenaria,1807
Aquadesk,triestinum,1768
Aquadesk,naidina,1767
Aquadesk,sinensis,1762
Aquadesk,fraudulenta,1758
Aquadesk,undata,1734
Aquadesk,amphiceros,1723
VIS,pungitius,1708
VIS,cataphractus,1688
Aquadesk,corrugata,1685
Aquadesk,fusiformis,1683
Aquadesk,philippinarum,1676
VIS,morhua,1668
VIS,gibbosus,1664
Aquadesk,zodiacus,1653
Aquadesk,ensis,1633
Aquadesk,dubium,1632
VIS,boyeri,1627
Aquadesk,agilis,1627
Aquadesk,armata,1601
Aquadesk,marioni,1538
VIS,delineatus,1532
Aquadesk,communis,1520
Aquadesk,stultorum,1507
Aquadesk,koreni,1506
Aquadesk,rotula,1503
Aquadesk,lyrifera,1493
VIS,leuciscus,1488
Aquadesk,limicola,1483
Aquadesk,spinifer,1479
Aquadesk,paucibranchiata,1462
Aquadesk,gracilis,1450
Aquadesk,annulata,1449
Aquadesk,elongata,1443
Aquadesk,sanguinea,1426
Aquadesk,amurensis,1411
Aquadesk,glaucus,1388
Aquadesk,incisa,1387
Aquadesk,benedicti,1377
Aquadesk,vittatus,1375
Aquadesk,striata,1354
Aquadesk,spicatum,1339
Aquadesk,capensis,1339
Aquadesk,caeca,1337
Aquadesk,tricarinata,1334
Aquadesk,modica,1326
WMR,cordatum,1315
Aquadesk,siliqua,1313
Aquadesk,longicornis,1299
Aquadesk,reticulatus,1293
Aquadesk,deltaura,1289
Aquadesk,locusta,1263
Aquadesk,flexuosa,1263
WMR,edule,1247
Aquadesk,klatti,1229
Aquadesk,bradyi,1227
Aquadesk,maculatus,1186
Aquadesk,fragilissimus,1182
Aquadesk,scintillans,1178
Aquadesk,vitrea,1155
Aquadesk,acuminata,1145
Aquadesk,impar,1133
Aquadesk,bernhardus,1119
Aquadesk,bonnieri,1116
Aquadesk,scriptus,1103
Aquadesk,crispus,1093
Aquadesk,luteum,1089
Aquadesk,limanda,1088
Aquadesk,tridactyla,1049
Aquadesk,cirrhosa,1049
Aquadesk,pholadiformis,1036
Aquadesk,tripartita,1031
Aquadesk,danicus,1030
Aquadesk,islandica,1020
Aquadesk,scutellata,1000
VIS,caucasica,974
Aquadesk,perforatus,966
VIS,gunnellus,964
Aquadesk,alleni,964
Aquadesk,cranchii,960
Aquadesk,holmesi,954
Aquadesk,polymorpha,951
Aquadesk,altamarinus,949
VIS,acus,936
Aquadesk,didymus,936
VIS,limosus,932
Aquadesk,achromaticum,930
Aquadesk,japonica,920
Aquadesk,auricoma,910
Aquadesk,nannoplanctica,907
VIS,carassius,904
Aquadesk,variopedatus,901
Aquadesk,fulgens,900
Aquadesk,cinerea,890
Aquadesk,alata,871
Aquadesk,steinii,871
Aquadesk,alternans,868
WMR,depurator,863
Aquadesk,truncatula,862
Aquadesk,phuketensis,848
Aquadesk,undulatum,847
Aquadesk,radiatus,846
Aquadesk,christiei,836
Aquadesk,papyracea,834
Aquadesk,regia,823
Aquadesk,rhombus,821
Aquadesk,subtilis,818
Aquadesk,squamata,816
Aquadesk,antipodarum,813
Aquadesk,prismatica,809
Aquadesk,baltica,806
Aquadesk,directus,803
Aquadesk,aculeata,798
VIS,vimba,796
Aquadesk,palmata,796
Aquadesk,obtusa,796
VIS,parva,792
Aquadesk,stelliger,787
Aquadesk,catena,782
Aquadesk,phaseolina,779
Aquadesk,allmanni,779
Aquadesk,digitatum,778
Aquadesk,karianus,772
Aquadesk,curvisetus,766
Aquadesk,reticulatum,759
Aquadesk,laterna,755
Aquadesk,limacina,755
Aquadesk,marinus,752
Aquadesk,latreilli,749
Aquadesk,trispinosus,732
Aquadesk,slabberi,732
Aquadesk,danica,730
Aquadesk,tenuicornis,730
Aquadesk,longicruris,728
Aquadesk,platessa,725
Aquadesk,fluminea,721
Aquadesk,spinifera,715
Aquadesk,mirabilis,706
Aquadesk,normanii,700
WMR,fornicata,699
Aquadesk,thoracica,690
Aquadesk,boa,684
Aquadesk,americanus,684
VIS,trachurus,684
Aquadesk,nordmanni,682
Aquadesk,bonellii,682
Aquadesk,convexa,677
Aquadesk,octonarius,668
VIS,sinensis,668
Aquadesk,lubrica,667
Aquadesk,densus,662
Aquadesk,kofoidii,657
Aquadesk,foliosa,652
Aquadesk,faveolata,649
Aquadesk,rubra,649
Aquadesk,fuliginosus,648
Aquadesk,ventrosa,646
Aquadesk,triquetra,642
Aquadesk,piscinalis,640
Aquadesk,similis,638
VIS,liparis,636
Aquadesk,lutraria,636
Aquadesk,assimilis,636
Aquadesk,membranacea,625
Aquadesk,lateralis,621
Aquadesk,crenatus,616
Aquadesk,littorea,611
Aquadesk,typica,611
Aquadesk,lunulata,605
Aquadesk,tenuipes,602
Aquadesk,lineatus,601
Aquadesk,miliaris,598
Aquadesk,cerasus,594
Aquadesk,perfoliatus,593
Aquadesk,maritima,590
Aquadesk,subinerme,584
Aquadesk,nuttallii,583
Aquadesk,obtusata,582
Aquadesk,muelleri,577
Aquadesk,pellucidum,571
VIS,idella,568
Aquadesk,figulus,564
Aquadesk,depurator,562
VIS,lota,560
Aquadesk,rotunda,558
Aquadesk,speculum,557
Aquadesk,oculata,555
Aquadesk,sarsii,552
Aquadesk,brevipes,552
Aquadesk,punctigera,551
Aquadesk,invalida,549
VIS,rostellatus,548
VIS,lozanoi,544
Aquadesk,paxillifer,539
Aquadesk,faculiferum,535
Aquadesk,flavescens,534
VIS,ramada,532
Aquadesk,acherusicum,531
Aquadesk,reticulata,531
Aquadesk,rotundata,529
Aquadesk,plumosus,524
VIS,belone,524
Aquadesk,fusca,518
Aquadesk,lens,518
Aquadesk,pespelecani,517
VIS,mykiss,516
Aquadesk,maculatum,515
Aquadesk,hyalinum,514
WMR,lateralis,514
Aquadesk,scorpioides,506
Aquadesk,helysia,504
Aquadesk,longicauda,502
Aquadesk,gigas,500
Aquadesk,vulgaris,498
Aquadesk,aspera,496
Aquadesk,holdichi,484
Aquadesk,sextonae,479
Aquadesk,flagellare,475
Aquadesk,rosea,470
Aquadesk,tenuissimus,470
Aquadesk,sigma,461
Aquadesk,lapidum,454
Aquadesk,swammerdamei,448
VIS,rhombus,447
Aquadesk,multibranchiata,445
Aquadesk,serricaudis,442
Aquadesk,verruculosum,441
Aquadesk,decipiens,440
Aquadesk,hebes,440
Aquadesk,longicorne,439
VIS,minuta,436
Aquadesk,guillei,430
Aquadesk,denticulatus,429
VIS,fossilis,428
Aquadesk,simile,428
Aquadesk,sundevallii,425
Aquadesk,takanoi,424
Aquadesk,conicum,423
Aquadesk,langerhansi,423
WMR,prismatica,421
Aquadesk,lozanoi,414
Aquadesk,claparedii,411
Aquadesk,horridus,410
Aquadesk,affinis,407
Aquadesk,angulatum,407
Aquadesk,eibenii,401
VIS,lumpus,400
Aquadesk,kroyeranus,400
Aquadesk,falcatus,399
Aquadesk,typicus,398
Aquadesk,furca,396
Aquadesk,pumila,392
Aquadesk,quadrilobata,391
Aquadesk,helgolandicus,389
Aquadesk,nana,387
WMR,fragilis,385
Aquadesk,calyptroglyphe,374
VIS,lyra,371
Aquadesk,lloydii,367
Aquadesk,hamatipes,367
Aquadesk,lanceolatum,365
Aquadesk,elliptica,365
Aquadesk,mobiliensis,363
Aquadesk,macroceros,362
Aquadesk,nitidum,359
Aquadesk,lyra,358
Aquadesk,tigrinus,357
Aquadesk,chelipes,357
Aquadesk,nummuloides,357
Aquadesk,tesselata,356
Aquadesk,sphenoides,354
Aquadesk,trispinosa,354
Aquadesk,akashiwo,350
Aquadesk,navigator,350
Aquadesk,galeatum,348
Aquadesk,styliformis,348
Aquadesk,squamatus,348
Aquadesk,ligerica,348
Aquadesk,romijni,341
VIS,phoxinus,332
Aquadesk,nordenskioeldii,332
Aquadesk,vigilans,331
VIS,laterna,328
Aquadesk,exoleta,328
Aquadesk,tamesis,326
Aquadesk,undatum,325
Aquadesk,gilsoni,321
Aquadesk,reversa,321
Aquadesk,nubeculosum,320
Aquadesk,inflatum,320
Aquadesk,nodulolineata,319
Aquadesk,integer,319
Aquadesk,hoffmeisteri,319
Aquadesk,frauenfeldii,318
Aquadesk,goodsir,317
Aquadesk,meunieri,315
Aquadesk,tyrrhena,315
Aquadesk,vernalis,313
Aquadesk,agardhii,311
Aquadesk,concharum,311
Aquadesk,kroyeri,305
Aquadesk,cylindrica,303
Aquadesk,corallina,303
Aquadesk,merlangus,302
Aquadesk,robusta,302
Aquadesk,rostrata,302
Aquadesk,deformis,301
Aquadesk,pygmaea,301
Aquadesk,istri,301
Aquadesk,polymorphus,296
Aquadesk,granii,295
WMR,filiformis,294
Aquadesk,moitessierianum,293
Aquadesk,hebetata,290
Aquadesk,squamosum,289
Aquadesk,turris,289
Aquadesk,pyriforme,288
Aquadesk,longosetosa,286
Aquadesk,modestus,284
Aquadesk,aureus,283
Aquadesk,claparedianus,280
Aquadesk,goniocephala,278
Aquadesk,distans,277
Aquadesk,quadridentatum,276
Aquadesk,acutifrons,274
Aquadesk,pseudolunula,274
Aquadesk,truncata,273
Aquadesk,curvispinum,267
VIS,scombrus,267
Aquadesk,decoratus,266
Aquadesk,mikimotoi,265
Aquadesk,lorenzianus,262
Aquadesk,darbouxi,259
Aquadesk,unicornis,259
Aquadesk,rouxi,259
Aquadesk,unipunctata,258
Aquadesk,albifrons,257
Aquadesk,norvegicus,253
Aquadesk,glabra,253
Aquadesk,bahusiensis,249
Aquadesk,chiajei,249
Aquadesk,mucicola,248
Aquadesk,depressum,248
Aquadesk,marginatus,244
Aquadesk,harrisii,243
Aquadesk,stellata,239
Aquadesk,hystrix,238
Aquadesk,enigmaticus,238
Aquadesk,lanceolata,238
Aquadesk,haemobaphes,238
Aquadesk,troglodytes,238
Aquadesk,pseudocurvisetus,238
Aquadesk,contortum,238
VIS,vulgaris,236
Aquadesk,levanderi,234
Aquadesk,formosa,234
Aquadesk,challengeri,233
Aquadesk,groenlandica,233
Aquadesk,arenarius,232
Aquadesk,bispinosa,231
Aquadesk,lilljeborgi,228
Aquadesk,ovatum,227
Aquadesk,ovata,227
Aquadesk,opercularis,227
Aquadesk,petiolatus,227
Aquadesk,mutica,227
Aquadesk,parva,225
VIS,lavaretus,224
WMR,miliaris,220
Aquadesk,contortus,219
Aquadesk,limnicola,219
Aquadesk,leonis,219
Aquadesk,claudicans,219
Aquadesk,procera,218
VIS,virens,216
Aquadesk,meneghiniana,213
Aquadesk,norvegica,212
Aquadesk,improvisus,212
Aquadesk,pisum,212
Aquadesk,niei,210
Aquadesk,fluviatilis,209
Aquadesk,kervillei,209
WMR,limatula,205
Aquadesk,varians,202
Aquadesk,thorianum,202
Aquadesk,simonsenii,201
Aquadesk,horologicalis,198
Aquadesk,lauderi,198
Aquadesk,digitale,196
Aquadesk,elitoralis,196
Aquadesk,nouveli,193
Aquadesk,marielebouriae,192
Aquadesk,wailesii,192
Aquadesk,arcticus,191
Aquadesk,bicki,190
Aquadesk,costatus,190
Aquadesk,loveni,189
WMR,vernalis,189
Aquadesk,westii,188
Aquadesk,teres,187
Aquadesk,fasciola,186
Aquadesk,bobrezkii,186
Aquadesk,antiflexa,184
Aquadesk,tumefacta,183
Aquadesk,remota,183
Aquadesk,longipes,181
Aquadesk,emarginata,178
Aquadesk,belgica,178
Aquadesk,britannia,178
Aquadesk,gilva,178
Aquadesk,casertanum,177
Aquadesk,glans,176
Aquadesk,websteri,176
Aquadesk,henslowanum,176
Aquadesk,postclitellochaeta,173
Aquadesk,balticum,173
Aquadesk,potamos,172
Aquadesk,pygodactylata,170
Aquadesk,symphyta,170
Aquadesk,splendens,170
Aquadesk,stroemi,169
Aquadesk,inhaerens,168
Aquadesk,mite,167
WMR,pisum,167
WMR,rotundata,167
Aquadesk,tamarense,166
Aquadesk,salinus,165
Aquadesk,maculosa,164
Aquadesk,forbesii,163
Aquadesk,montagui,162
VIS,auratus,160
Aquadesk,subpictus,160
VIS,gammarus,158
Aquadesk,exsultans,157
Aquadesk,pseudogaster,156
Aquadesk,rugicauda,154
Aquadesk,cirrifera,153
Aquadesk,pagurus,148
Aquadesk,moldaviensis,148
Aquadesk,americana,146
Aquadesk,reticulum,146
Aquadesk,sowerbyi,146
Aquadesk,multisetosum,146
Aquadesk,hibernica,144
Aquadesk,picta,143
Aquadesk,subglobosum,142
Aquadesk,kefersteini,141
Aquadesk,tenella,141
Aquadesk,rugosa,141
Aquadesk,anguste-lineata,140
VIS,lucerna,140
Aquadesk,concinnus,138
Aquadesk,distortum,137
Aquadesk,nitescens,137
WMR,plana,135
Aquadesk,lenticula,135
Aquadesk,prolifera,132
Aquadesk,plumosa,131
Aquadesk,granulata,131
WMR,pellucidus,131
Aquadesk,lacustre,130
Aquadesk,adriaticum,128
Aquadesk,neapolitanus,128
Aquadesk,acuta,127
Aquadesk,moniliformis,126
Aquadesk,diadema,126
Aquadesk,brevirostre,125
Aquadesk,solea,122
Aquadesk,garciai,122
Aquadesk,verrucosa,122
Aquadesk,texturata,121
Aquadesk,triangularis,121
Aquadesk,kitt,121
Aquadesk,ostenfeldii,120
Aquadesk,indica,120
Aquadesk,shetlandica,119
WMR,clathrus,118
Aquadesk,delognei,117
Aquadesk,villosus,117
VIS,pilchardus,116
Aquadesk,oblongum,116
Aquadesk,tornatilis,115
Aquadesk,ischnus,115
Aquadesk,fibula,114
Aquadesk,denticulatum,114
Aquadesk,cristata,114
Aquadesk,quinquecornis,113
VIS,vipera,112
Aquadesk,kinbergi,112
Aquadesk,flos-aquae,111
Aquadesk,sylvestris,111
Aquadesk,candida,111
Aquadesk,danielsseni,110
Aquadesk,defodiens,110
Aquadesk,rotundatum,109
Aquadesk,ovalis,108
Aquadesk,benedeni,107
Aquadesk,medusa,107
Aquadesk,flabelligerus,106
Aquadesk,microps,106
Aquadesk,pallidum,106
Aquadesk,undatus,105
Aquadesk,punctulatum,105
Aquadesk,pentasterias,104
Aquadesk,mustela,104
Aquadesk,carbonaria,104
VIS,bergylta,104
Aquadesk,marphysae,104
Aquadesk,sertulata,104
Aquadesk,pugilator,102
Aquadesk,killariensis,101
WMR,truncata,101
Aquadesk,brownae,100
Aquadesk,ceratosporus,100
Aquadesk,placentula,100
Aquadesk,hirsutimanus,99
Aquadesk,rathkei,98
Aquadesk,diazi,97
VIS,maximus,96
WMR,fervensis,96
Aquadesk,senile,95
WMR,philippinarum,94
Aquadesk,cataphractus,94
Aquadesk,excentricum,94
Aquadesk,costatogranulatus,93
Aquadesk,felina,93
Aquadesk,lanceolatus,93
Aquadesk,australis,92
Aquadesk,clathrus,92
Aquadesk,pseudodelicatissima,91
Aquadesk,coerulea,91
Aquadesk,solida,90
Aquadesk,cimbrius,90
WMR,gigas,90
WMR,pagurus,90
Aquadesk,rufescens,88
Aquadesk,quadrata,88
VIS,planeri,88
Aquadesk,lacustris,87
Aquadesk,litoralis,87
Aquadesk,cirratus,87
Aquadesk,tentaculata,86
Aquadesk,pediculus,86
Aquadesk,pseudonoctiluca,84
Aquadesk,bellii,82
Aquadesk,psilonereiella,82
Aquadesk,cornutus,82
Aquadesk,balanoides,81
Aquadesk,lighti,81
Aquadesk,paucicostata,80
VIS,alosa,80
Aquadesk,arcuatus,79
Aquadesk,conicoides,79
Aquadesk,cingulata,78
Aquadesk,nebula,78
VIS,harrisii,78
Aquadesk,clavata,78
Aquadesk,branchialis,77
Aquadesk,cymbelliformis,77
Aquadesk,laevis,77
Aquadesk,pentagonum,76
WMR,exoleta,76
Aquadesk,triqueter,73
Aquadesk,neglecta,73
Aquadesk,chambersae,72
Aquadesk,seriata,72
Aquadesk,affine,72
Aquadesk,lineata,71
Aquadesk,horologium,71
Aquadesk,staurogeniiforme,70
Aquadesk,minutum,70
Aquadesk,desikacharyi,70
Aquadesk,vedlomensis,69
Aquadesk,arcuatum,69
Aquadesk,stagnalis,69
Aquadesk,subsalsum,68
Aquadesk,abbreviata,68
Aquadesk,dianthus,68
Aquadesk,coeca,68
Aquadesk,glabrum,67
Aquadesk,curtipes,66
Aquadesk,gregaria,66
Aquadesk,korsuni,65
Aquadesk,subtruncatum,65
Aquadesk,minutissima,64
Aquadesk,lindstroemi,64
VIS,flavescens,64
Aquadesk,eccentrica,63
Aquadesk,aestuarius,63
Aquadesk,parallelum,63
Aquadesk,grayana,63
Aquadesk,triacantha,63
Aquadesk,ovalipes,63
Aquadesk,magnus,62
Aquadesk,tetramitiformis,62
Aquadesk,gracile,62
Aquadesk,subcarinatus,61
Aquadesk,mediterraneum,61
Aquadesk,moorei,61
Aquadesk,decussatus,61
Aquadesk,compressum,60
Aquadesk,nucleus,60
Aquadesk,yashimaense,60
Aquadesk,abietina,60
VIS,kitt,60
Aquadesk,obesum,59
Aquadesk,hendeyi,59
Aquadesk,antiqua,59
Aquadesk,modesta,59
Aquadesk,scandinavicus,58
Aquadesk,ulna,58
Aquadesk,stellaris,58
Aquadesk,suecica,57
Aquadesk,subpacifica,56
Aquadesk,marmoreus,55
Aquadesk,maximus,55
Aquadesk,dunerificta,55
Aquadesk,foliaceum,54
Aquadesk,villosiuscula,54
Aquadesk,simplex,54
Aquadesk,zetlandica,54
Aquadesk,spinulosa,54
Aquadesk,malleus,53
Aquadesk,caecula,53
Aquadesk,sprattus,53
Aquadesk,laminosa,53
Aquadesk,oxycephala,53
VIS,reticulatus,52
Aquadesk,arctica,52
Aquadesk,panicea,52
Aquadesk,tetracerus,51
Aquadesk,nitidus,51
WMR,gibba,51
Aquadesk,brasiliensis,50
Aquadesk,vejdovskyi,50
Aquadesk,tripunctata,50
Aquadesk,jeffreysi,49
Aquadesk,minutus,49
Aquadesk,auricularia,49
Aquadesk,dubius,49
Aquadesk,balanoglossoides,49
Aquadesk,pellucida,48
Aquadesk,septentrionalis,48
Aquadesk,convolutus,48
Aquadesk,ljungmani,48
Aquadesk,lactea,48
Aquadesk,centralis,48
WMR,crassum,48
Aquadesk,lankesteri,47
Aquadesk,asymmetrica,47
Aquadesk,aestuarina,46
Aquadesk,subaequa,46
Aquadesk,crinicornis,46
VIS,aurata,46
Aquadesk,longiseta,46
Aquadesk,adspersus,45
Aquadesk,scabrum,45
VIS,luteum,44
Aquadesk,copulata,44
Aquadesk,leiopygos,44
Aquadesk,commutata,44
VIS,bipunctatus,44
Aquadesk,buski,44
Aquadesk,stanfordi,44
Aquadesk,udekemianus,44
Aquadesk,ambigua,44
Aquadesk,crenulata,43
Aquadesk,crustulenta,43
Aquadesk,hilgendorfi,43
Aquadesk,gurnardus,43
Aquadesk,finmarchica,42
Aquadesk,frustulum,42
Aquadesk,neoastraea,42
Aquadesk,lloydi,42
Aquadesk,subsalsa,41
Aquadesk,pterochaeta,41
Aquadesk,graciloides,41
Aquadesk,nodosa,41
Aquadesk,lucifera,41
Aquadesk,huxleyi,41
Aquadesk,senegalensis,40
Aquadesk,zaddachi,40
Aquadesk,lunata,40
Aquadesk,bobretzkii,40
Aquadesk,diaphanum,39
Aquadesk,supinum,39
Aquadesk,salicaria,39
Aquadesk,filum,39
Aquadesk,inconstans,39
Aquadesk,geminata,39
Aquadesk,nitidulum,38
Aquadesk,intermedius,38
Aquadesk,planipes,37
Aquadesk,acus,37
Aquadesk,crassa,37
Aquadesk,obtusum,37
Aquadesk,hookeri,36
VIS,nebulosus,36
Aquadesk,dawsoni,36
Aquadesk,construens,36
Aquadesk,acicularis,36
Aquadesk,reniformis,36
Aquadesk,rotundatus,36
Aquadesk,longirostris,36
Aquadesk,formosum,36
Aquadesk,cordiformis,35
Aquadesk,xeprovala,35
Aquadesk,melolontha,35
Aquadesk,sigmoidea,35
Aquadesk,fragilarioides,35
Aquadesk,echiurus,34
Aquadesk,brachycephala,34
Aquadesk,patula,34
Aquadesk,niger,34
Aquadesk,pictus,34
Aquadesk,vipera,34
WMR,aculeata,34
WMR,marmoreus,34
Aquadesk,pavonina,33
Aquadesk,gigantea,33
Aquadesk,oblonga,33
Aquadesk,akrokomos,33
Aquadesk,subspicatus,33
Aquadesk,pardalis,32
Aquadesk,hemisphaerica,32
Aquadesk,antillarum,32
Aquadesk,clathratulum,32
Aquadesk,cryptotenella,32
Aquadesk,macrodactylus,31
WMR,phaseolina,31
Aquadesk,reinhardi,31
Aquadesk,brebissonii,31
WMR,undatum,31
Aquadesk,vikinga,31
Aquadesk,falcata,30
Aquadesk,pseudofragilis,30
Aquadesk,chaetoceratis,30
Aquadesk,turricula,30
Aquadesk,glaber,30
Aquadesk,haplocheles,30
Aquadesk,contorta,30
Aquadesk,vangoorii,30
Aquadesk,arenicolae,30
Aquadesk,spiritus,29
Aquadesk,hanleyi,29
Aquadesk,paxillifera,29
Aquadesk,curvatus,29
Aquadesk,barbata,29
Aquadesk,circinale,29
Aquadesk,intermedia,29
Aquadesk,binderanus,29
Aquadesk,heterochaetus,29
WMR,conchilega,29
Aquadesk,boryanum,28
VIS,gurnardus,28
VIS,pollachius,28
VIS,encrasicolus,28
Aquadesk,thalassophila,28
Aquadesk,hammoniensis,28
WMR,echinata,28
Aquadesk,orbicularis,28
Aquadesk,minusculum,28
Aquadesk,verugera,28
Aquadesk,celtica,28
Aquadesk,octoculata,28
Aquadesk,luscus,28
Aquadesk,linearis,28
Aquadesk,lima,28
Aquadesk,tricingulatum,27
Aquadesk,coronatus,27
Aquadesk,mediterraneus,27
Aquadesk,parapectinatus,27
Aquadesk,tridentatus,27
Aquadesk,quadripartita,27
WMR,candida,27
Aquadesk,anastomosans,27
Aquadesk,archangelica,27
WMR,ferruginosa,27
Aquadesk,spinigera,26
Aquadesk,variabilis,26
Aquadesk,stolonifera,26
Aquadesk,appendiculatus,26
Aquadesk,humilis,26
Aquadesk,geometra,26
WMR,tumefacta,26
Aquadesk,fonticola,26
Aquadesk,warpachowskyi,25
Aquadesk,pringsheimii,25
Aquadesk,naticoides,25
Aquadesk,parkeae,25
Aquadesk,circinatus,25
Aquadesk,pseudogoniaulax,25
Aquadesk,flabellata,25
Aquadesk,gessneri,24
Aquadesk,jurisii,24
WMR,takanoi,24
Aquadesk,sowinskyi,24
Aquadesk,castanea,24
Aquadesk,bretscheri,24
Aquadesk,divergens,24
Aquadesk,sociabilis,24
Aquadesk,klebahnii,24
Aquadesk,clausa,24
Aquadesk,perrieri,24
VIS,fontinalis,24
Aquadesk,stroemii,24
Aquadesk,arvense,24
Aquadesk,fruticosa,24
Aquadesk,clevei,24
Aquadesk,bilobata,24
Aquadesk,agassizensis,23
Aquadesk,conglomeratus,23
Aquadesk,frondosa,23
Aquadesk,minor,23
Aquadesk,roseus,23
Aquadesk,latipes,23
Aquadesk,capillaris,23
Aquadesk,milium,23
Aquadesk,antennata,23
Aquadesk,tobianus,23
Aquadesk,curvipes,23
VIS,surmuletus,23
Aquadesk,pilosus,23
Aquadesk,mutabilis,23
Aquadesk,librile,23
Aquadesk,hopei,23
Aquadesk,caudatus,23
Aquadesk,foliacea,22
Aquadesk,anserina,22
Aquadesk,duplex,22
WMR,longicornis,22
Aquadesk,tenuissimum,22
Aquadesk,andreapolis,22
Aquadesk,barbatus,22
Aquadesk,olivaceum,22
Aquadesk,multisetosus,22
Aquadesk,fontinalis,22
Aquadesk,pseudooblea,21
Aquadesk,reinhardtii,21
Aquadesk,trochoidea,21
Aquadesk,calida,21
Aquadesk,varia,21
Aquadesk,maritimus,21
Aquadesk,atlantica,21
Aquadesk,surmuletus,21
Aquadesk,maeoticum,21
WMR,paucicostata,20
Aquadesk,armatus,20
VIS,maenas,20
Aquadesk,seiracanthus,20
Aquadesk,morum,20
Aquadesk,dysenterica,20
Aquadesk,cuneata,20
VIS,aequoreus,20
VIS,albula,20
Aquadesk,sopotensis,20
Aquadesk,duneri,20
Aquadesk,aquatica,19
Aquadesk,strombus,19
Aquadesk,atomus,19
Aquadesk,dioica,19
Aquadesk,abyssorum,19
Aquadesk,hoplura,19
WMR,undecimdentatus,19
Aquadesk,pannonicus,18
Aquadesk,tetraura,18
Aquadesk,pictorum,18
Aquadesk,pectinatus,18
Aquadesk,fasciculata,18
Aquadesk,tortile,18
Aquadesk,parvulum,18
Aquadesk,tumidus,18
Aquadesk,minusculus,18
Aquadesk,flavum,18
Aquadesk,inconspicua,18
Aquadesk,paleacea,18
Aquadesk,listerianum,18
Aquadesk,kinahani,18
Aquadesk,constrictus,18
Aquadesk,extenuata,18
Aquadesk,caudatum,18
Aquadesk,balanus,17
Aquadesk,ornata,17
Aquadesk,richiardii,17
Aquadesk,demersum,17
Aquadesk,triporus,17
Aquadesk,limnetica,17
Aquadesk,prostratum,17
Aquadesk,brevis,17
Aquadesk,flabellifera,17
Aquadesk,ventricosa,17
Aquadesk,falleni,17
Aquadesk,compacta,17
Aquadesk,cryptotenelloides,17
Aquadesk,aquaticus,16
Aquadesk,araenicola,16
Aquadesk,sociale,16
Aquadesk,praetenue,16
Aquadesk,dumortierii,16
Aquadesk,amnicum,16
Aquadesk,pseudacorus,16
WMR,atlanticus,16
Aquadesk,obtusatus,16
VIS,pygmaea,16
Aquadesk,argus,16
VIS,brosme,16
Aquadesk,gelatinosa,16
Aquadesk,marmorata,16
Aquadesk,suborbicularis,16
Aquadesk,microscopicus,16
Aquadesk,imperfecta,16
VIS,melas,16
Aquadesk,crassum,16
Aquadesk,cannabinum,16
Aquadesk,limatula,15
Aquadesk,concavicornis,15
Aquadesk,limbata,15
Aquadesk,moniliferum,15
Aquadesk,droebachiensis,15
Aquadesk,delicatulum,15
Aquadesk,aequoreus,15
Aquadesk,femoratum,15
Aquadesk,cincta,15
Aquadesk,litorale,15
Aquadesk,vanhaareni,15
WMR,puber,15
Aquadesk,verior,15
Aquadesk,canadensis,15
Aquadesk,riparium,15
Aquadesk,zizyphinum,15
Aquadesk,granulosa,15
Aquadesk,faeroensis,15
Aquadesk,octona,15
Aquadesk,parasiticum,15
Aquadesk,steenstrupi,15
Aquadesk,elinguis,15
Aquadesk,cuculus,15
Aquadesk,lactuca,14
Aquadesk,longimerus,14
Aquadesk,puber,14
Aquadesk,othonis,14
Aquadesk,diaphanus,14
Aquadesk,urgorrii,14
Aquadesk,umbilicata,14
Aquadesk,angstii,14
Aquadesk,minima,14
Aquadesk,perforata,14
WMR,sinensis,14
Aquadesk,parvus,14
Aquadesk,gunneri,14
Aquadesk,halecinum,14
Aquadesk,arenosa,14
Aquadesk,connivens,14
Aquadesk,griffithii,13
WMR,cranchii,13
Aquadesk,margalefii,13
Aquadesk,caulleryi,13
Aquadesk,antonii,13
Aquadesk,stellatum,13
Aquadesk,crassicornis,13
Aquadesk,sacculus,13
Aquadesk,bulbosa,13
Aquadesk,binghami,13
Aquadesk,sanmartini,13
Aquadesk,complanata,13
Aquadesk,tessulatum,13
Aquadesk,bispinosus,13
Aquadesk,globularis,13
Aquadesk,muratensis,13
Aquadesk,pulchellum,13
WMR,lactea,13
Aquadesk,apiculata,13
Aquadesk,opoliensis,13
Aquadesk,ploenensis,13
Aquadesk,mytili,13
Aquadesk,platycheles,13
Aquadesk,clava,13
Aquadesk,bicuspis,12
Aquadesk,anomala,12
Aquadesk,atlanticus,12
Aquadesk,hyrcanus,12
Aquadesk,bergensis,12
Aquadesk,arundinacea,12
Aquadesk,attenuatum,12
Aquadesk,inermis,12
Aquadesk,coarctatus,12
Aquadesk,laticauda,12
Aquadesk,rostratum,12
Aquadesk,reboredae,12
Aquadesk,bavaricus,12
Aquadesk,invisitatus,12
Aquadesk,tubifex,12
Aquadesk,antennina,12
Aquadesk,fasciatus,12
Aquadesk,pygmaeus,12
Aquadesk,vaucheriae,12
Aquadesk,plicata,12
Aquadesk,genevensis,12
Aquadesk,favus,12
Aquadesk,thulesense,12
Aquadesk,hirtellus,12
Aquadesk,brockmannii,12
Aquadesk,brevistriata,12
Aquadesk,ferruginea,12
Aquadesk,otrubae,12
Aquadesk,leucophaeata,11
Aquadesk,euxinicus,11
Aquadesk,conchylega,11
Aquadesk,muricata,11
Aquadesk,crenata,11
Aquadesk,gunnellus,11
Aquadesk,hamata,11
Aquadesk,tabulata,11
Aquadesk,danubiana,11
Aquadesk,gibber,11
Aquadesk,minimum,11
Aquadesk,gentili,11
Aquadesk,phascolosomata,11
Aquadesk,fluminalis,11
Aquadesk,pelagicus,11
Aquadesk,crista,11
Aquadesk,salinarum,11
Aquadesk,rugosum,11
Aquadesk,digitata,11
Aquadesk,magnidentata,11
Aquadesk,stroemia,10
Aquadesk,crotonensis,10
Aquadesk,subsalina,10
Aquadesk,ramzega,10
Aquadesk,subarctica,10
Aquadesk,canaliculata,10
Aquadesk,blavyanus,10
Aquadesk,disticha,10
Aquadesk,closterium,10
Aquadesk,repens,10
Aquadesk,uenoi,10
Aquadesk,astroideum,10
Aquadesk,scorpius,10
Aquadesk,variochaeta,10
Aquadesk,bufonius,10
Aquadesk,venter,10
Aquadesk,utriculus,10
Aquadesk,eliasoni,10
Aquadesk,polyphemus,10
Aquadesk,galba,10
Aquadesk,obesa,10
Aquadesk,neothumensis,10
Aquadesk,harmeri,10
Aquadesk,paludosa,10
Aquadesk,parthenopes,10
Aquadesk,pseudocrinitus,10
Aquadesk,palea,10
Aquadesk,purpureus,10
Aquadesk,expansa,10
Aquadesk,longicaudata,10
Aquadesk,uncinata,9
Aquadesk,fallax,9
Aquadesk,indivisa,9
Aquadesk,inopinata,9
Aquadesk,rubri-claustri,9
Aquadesk,pseudonana,9
Aquadesk,turgida,9
Aquadesk,desmaresti,9
Aquadesk,farfara,9
Aquadesk,platessoides,9
Aquadesk,frequentissimum,9
Aquadesk,fibrosum,9
Aquadesk,tumida,9
Aquadesk,hirta,9
Aquadesk,mcintoshi,9
Aquadesk,styloides,9
Aquadesk,oxyuraea,9
Aquadesk,lucerna,9
Aquadesk,schlosseri,9
Aquadesk,maritimae,9
Aquadesk,perminuta,9
Aquadesk,antipyretica,9
Aquadesk,lebourae,9
Aquadesk,armillaris,9
Aquadesk,thea,9
Aquadesk,aeruginosa,9
Aquadesk,phasma,9
Aquadesk,iactans,9
Aquadesk,trevelyanum,9
Aquadesk,recens,9
Aquadesk,caspia,9
Aquadesk,lamarcki,9
Aquadesk,carinatus,9
Aquadesk,bigelowii,9
Aquadesk,trichoides,9
Aquadesk,monacantha,9
Aquadesk,tetrapedia,9
Aquadesk,leptocerus,9
Aquadesk,pedata,8
Aquadesk,salinarius,8
Aquadesk,vanhoeffenii,8
Aquadesk,spiralis,8
Aquadesk,tullbergi,8
Aquadesk,pavillardii,8
Aquadesk,immersa,8
Aquadesk,trachurus,8
Aquadesk,angulosa,8
Aquadesk,squillarum,8
Aquadesk,sczelkowii,8
Aquadesk,veneta,8
Aquadesk,trivialis,8
Aquadesk,ceratina,8
Aquadesk,triquetrum,8
Aquadesk,inornatus,8
Aquadesk,catenata,8
Aquadesk,rubrovittata,8
Aquadesk,reichardtiana,8
VIS,molitrix,8
Aquadesk,lignarius,8
Aquadesk,marginata,8
Aquadesk,labiata,8
Aquadesk,donacina,8
Aquadesk,lacteum,8
Aquadesk,heufleriana,8
Aquadesk,confervacea,8
Aquadesk,hungarica,8
VIS,tobianus,8
Aquadesk,contraria,8
Aquadesk,acuminatum,8
VIS,cimbrius,8
Aquadesk,mamillatum,8
Aquadesk,lumbricalis,8
Aquadesk,vanelli,8
Aquadesk,spinipes,7
Aquadesk,macrocephala,7
Aquadesk,sinuata,7
Aquadesk,celata,7
Aquadesk,scruposa,7
Aquadesk,cari,7
Aquadesk,villosa,7
Aquadesk,maricola,7
Aquadesk,spinosus,7
Aquadesk,arvensis,7
Aquadesk,jurinei,7
Aquadesk,cespitosum,7
Aquadesk,heteroclita,7
Aquadesk,clausii,7
Aquadesk,monostachys,7
Aquadesk,tortissimus,7
Aquadesk,herdmani,7
Aquadesk,tetralix,7
Aquadesk,grossa,7
Aquadesk,microporum,7
Aquadesk,tyrrhenus,7
Aquadesk,roperi,7
Aquadesk,templetoni,7
Aquadesk,coxalis,7
Aquadesk,albus,7
Aquadesk,novaesiberica,7
Aquadesk,brevirostris,7
Aquadesk,fernandi,7
Aquadesk,australiensis,7
Aquadesk,olivacea,7
Aquadesk,pallidus,7
WMR,littorea,6
Aquadesk,gammarus,6
Aquadesk,trainorii,6
Aquadesk,striatus,6
Aquadesk,tigrina,6
Aquadesk,hamulus,6
Aquadesk,guttatus,6
Aquadesk,tuberosa,6
Aquadesk,archibaldii,6
Aquadesk,spinosa,6
Aquadesk,compressus,6
Aquadesk,friesii,6
Aquadesk,medius,6
Aquadesk,armandi,6
Aquadesk,microcystiformis,6
Aquadesk,subminuscula,6
Aquadesk,flesus,6
Aquadesk,supralitorea,6
WMR,ensis,6
Aquadesk,solita,6
Aquadesk,polyomma,6
Aquadesk,luteocincta,6
Aquadesk,longifusiformis,6
VIS,undulatus,6
Aquadesk,prevostii,6
VIS,bosc,6
Aquadesk,serpentina,6
Aquadesk,campoyi,6
Aquadesk,romanodanubiale,6
Aquadesk,prolifica,6
Aquadesk,ficus,6
Aquadesk,engelbrechtii,6
Aquadesk,sculptus,6
Aquadesk,piscatorius,6
Aquadesk,eutrophilum,6
Aquadesk,divisa,6
Aquadesk,sessile,6
Aquadesk,exigua,5
Aquadesk,intermedium,5
Aquadesk,lucens,5
Aquadesk,palmeriana,5
Aquadesk,securifrons,5
Aquadesk,saprophila,5
Aquadesk,gammarellus,5
Aquadesk,costata,5
Aquadesk,patelliformis,5
Aquadesk,difformis,5
Aquadesk,procumbens,5
Aquadesk,neodiminuta,5
Aquadesk,meridianus,5
Aquadesk,acanthocysta,5
Aquadesk,kolbei,5
Aquadesk,discors,5
Aquadesk,chrysanthellum,5
Aquadesk,pseudoglebulenta,5
Aquadesk,lenticularis,5
Aquadesk,dissipata,5
Aquadesk,bacillum,5
Aquadesk,autumnalis,5
Aquadesk,incerta,5
Aquadesk,tremellaris,5
Aquadesk,trichiatus,5
Aquadesk,edwarsi,5
Aquadesk,tricirrata,5
Aquadesk,latipeltata,5
Aquadesk,plantago-aquatica,5
Aquadesk,radicans,5
Aquadesk,pinnata,5
Aquadesk,quattrospina,5
Aquadesk,pluriseta,5
WMR,rotundatus,5
Aquadesk,coalita,4
Aquadesk,riparia,4
Aquadesk,nidulans,4
Aquadesk,dubia,4
VIS,piscatorius,4
Aquadesk,monoculoides,4
Aquadesk,ciliatum,4
Aquadesk,rostellatus,4
Aquadesk,encrasicolus,4
Aquadesk,michaelseni,4
Aquadesk,glandulifera,4
Aquadesk,microspira,4
Aquadesk,klarae,4
Aquadesk,norwegica,4
Aquadesk,cincinnatus,4
Aquadesk,punctiformis,4
Aquadesk,nebulosa,4
Aquadesk,bicornis,4
Aquadesk,minuscula,4
Aquadesk,bimaculata,4
Aquadesk,aestuarii,4
Aquadesk,asellus,4
VIS,draco,4
Aquadesk,articulatus,4
Aquadesk,pubescens,4
Aquadesk,tubifera,4
Aquadesk,minutissimum,4
Aquadesk,retusa,4
Aquadesk,liebetruthii,4
WMR,obtusa,4
Aquadesk,leachi,4
Aquadesk,libyca,4
Aquadesk,eulimoides,4
Aquadesk,harengus,4
Aquadesk,testacea,4
VIS,gattorugine,4
Aquadesk,citrina,4
Aquadesk,pseudostelligera,4
Aquadesk,pigueti,4
VIS,conger,4
Aquadesk,constrictum,4
Aquadesk,penicillus,4
Aquadesk,maritimum,4
Aquadesk,stenosoma,4
Aquadesk,longocirrata,4
VIS,pagurus,4
Aquadesk,futilis,4
Aquadesk,cernua,4
VIS,mustelus,4
Aquadesk,squamula,4
Aquadesk,araneus,4
Aquadesk,semisquamatus,4
Aquadesk,pedicellata,4
Aquadesk,infundibuliformis,4
Aquadesk,coronopifolia,4
VIS,thymallus,4
Aquadesk,vilnensis,4
Aquadesk,perennis,4
Aquadesk,planctonica,4
Aquadesk,major,4
Aquadesk,pisiforme,4
Aquadesk,peruvianus,4
Aquadesk,wautieri,4
Aquadesk,vortex,4
VIS,spinachia,4
Aquadesk,carnea,4
Aquadesk,italicum,4
Aquadesk,elisabethae,4
Aquadesk,japonicus,4
VIS,canicula,4
Aquadesk,cuspidata,4
Aquadesk,brevissima,4
Aquadesk,substriata,4
Aquadesk,gerardii,4
Aquadesk,odontonyx,4
Aquadesk,pseudobrevis,4
Aquadesk,bruzelii,4
Aquadesk,gibbosa,4
VIS,nobilis,4
Aquadesk,profundicola,4
Aquadesk,problematica,4
Aquadesk,martyi,4
Aquadesk,chaetifer,4
Aquadesk,vulgare,3
Aquadesk,aurariae,3
Aquadesk,lamornae,3
Aquadesk,breviremis,3
Aquadesk,heterostriatum,3
Aquadesk,helvetica,3
Aquadesk,clavigera,3
Aquadesk,asper,3
Aquadesk,wesenbergii,3
Aquadesk,valerandi,3
Aquadesk,hyalina,3
Aquadesk,wuellerstorffii,3
Aquadesk,hyndmanni,3
Aquadesk,umbellatus,3
Aquadesk,marsypos,3
Aquadesk,aurata,3
Aquadesk,vanheurckii,3
Aquadesk,aeglefinus,3
Aquadesk,lueneburgensis,3
Aquadesk,kolkwitzii,3
Aquadesk,bilamellata,3
Aquadesk,komarekii,3
Aquadesk,tuberculata,3
Aquadesk,chamomilla,3
Aquadesk,intestinalis,3
Aquadesk,lepidoptera,3
Aquadesk,sanguineus,3
Aquadesk,subnudus,3
Aquadesk,aperta,3
Aquadesk,annua,3
Aquadesk,diabolus,3
Aquadesk,dichotoma,3
Aquadesk,tabernaemontani,3
Aquadesk,conoidea,3
Aquadesk,securigera,3
Aquadesk,obliquus,3
Aquadesk,distincta,3
Aquadesk,dissimilis,3
Aquadesk,perenne,3
Aquadesk,spiculiformis,3
Aquadesk,ockelmanni,3
Aquadesk,duebeni,3
Aquadesk,angustata,3
Aquadesk,spinicarpa,3
Aquadesk,dichaeta,3
Aquadesk,corneum,3
Aquadesk,amondseni,3
Aquadesk,aparine,3
Aquadesk,rutilans,3
Aquadesk,sanctus,3
Aquadesk,alveolata,3
Aquadesk,oxytoxoides,3
Aquadesk,sannio,3
Aquadesk,pyriformis,3
Aquadesk,robustoides,3
Aquadesk,ezoensis,3
Aquadesk,rectisetosus,3
Aquadesk,aprilinus,3
Aquadesk,shrubsolei,3
Aquadesk,equilibra,3
Aquadesk,flexa,3
Aquadesk,tomentosa,3
Aquadesk,morhua,3
Aquadesk,smithii,3
Aquadesk,hantzschii,3
Aquadesk,pupula,3
Aquadesk,serratus,3
Aquadesk,anatina,3
WMR,opercularis,3
Aquadesk,pumilum,3
Aquadesk,punctata,3
Aquadesk,resomari,3
Aquadesk,complanatus,3
Aquadesk,remyi,3
Aquadesk,dichotomum,3
Aquadesk,punctatus,3
Aquadesk,cantabra,2
VIS,baeri,2
Aquadesk,depressa,2
Aquadesk,scabra,2
Aquadesk,polyrhiza,2
Aquadesk,decussis,2
Aquadesk,planorbis,2
Aquadesk,cambrensis,2
VIS,temporaria,2
Aquadesk,seurati,2
Aquadesk,seminulum,2
VIS,melops,2
Aquadesk,ferox,2
Aquadesk,schumanniana,2
Aquadesk,polychroa,2
Aquadesk,scoticus,2
Aquadesk,tripus,2
Aquadesk,acutiformis,2
Aquadesk,limneticus,2
Aquadesk,laticollum,2
WMR,araneus,2
Aquadesk,bathyomphala,2
Aquadesk,radiosa,2
Aquadesk,lauenburgianum,2
Aquadesk,europaea,2
Aquadesk,recta,2
Aquadesk,lamarckii,2
Aquadesk,reimeri,2
Aquadesk,bilineata,2
Aquadesk,puerilis,2
Aquadesk,ptarmica,2
Aquadesk,antilopes,2
Aquadesk,angustior,2
Aquadesk,robustus,2
Aquadesk,bulnheimiana,2
Aquadesk,dorsalis,2
Aquadesk,rostellata,2
VIS,desmarestii,2
Aquadesk,dispar,2
Aquadesk,rubicunda,2
Aquadesk,rubrocincta,2
Aquadesk,augur,2
WMR,cylindracea,2
Aquadesk,proschkinae,2
Aquadesk,lombricoides,2
Aquadesk,javorkae,2
Aquadesk,salinicola,2
Aquadesk,bulbosus,2
Aquadesk,didyma,2
Aquadesk,decora,2
Aquadesk,fontanum,2
Aquadesk,declivis,2
Aquadesk,agnita,2
Aquadesk,concinna,2
Aquadesk,condylocinereum,2
Aquadesk,normaloides,2
Aquadesk,michaelsarsii,2
Aquadesk,goodsiri,2
Aquadesk,christinae,2
Aquadesk,nunezi,2
Aquadesk,obliqueacuminata,2
Aquadesk,giardi,2
Aquadesk,obtusatum,2
Aquadesk,mesolepta,2
Aquadesk,valdestriata,2
Aquadesk,obtusifrons,2
Aquadesk,alderi,2
Aquadesk,flagellifera,2
Aquadesk,granum,2
Aquadesk,tenuimana,2
Aquadesk,aduncus,2
Aquadesk,cineraria,2
Aquadesk,helenensis,2
Aquadesk,modiolus,2
Aquadesk,clepsidroides,2
Aquadesk,hauniensis,2
Aquadesk,triangulare,2
Aquadesk,moravicus,2
Aquadesk,moskalii,2
Aquadesk,naegeliana,2
VIS,pseudogeographica,2
Aquadesk,abei,2
Aquadesk,navicularis,2
Aquadesk,cirrata,2
Aquadesk,guillardii,2
Aquadesk,millefolium,2
Aquadesk,ternata,2
VIS,rupestris,2
Aquadesk,alineae,2
Aquadesk,subhamulata,2
Aquadesk,stauroneiformis,2
Aquadesk,imperfectum,2
Aquadesk,skujae,2
Aquadesk,amplivasatus,2
Aquadesk,helmckei,2
Aquadesk,perspicua,2
Aquadesk,viridula,2
VIS,semiarmatus,2
WMR,rhomboides,2
Aquadesk,virgata,2
Aquadesk,cuanensis,2
Aquadesk,mariannae,2
Aquadesk,corneus,2
WMR,quadripartita,2
Aquadesk,parthenopaeus,2
Aquadesk,peregra,2
Aquadesk,costulata,2
Aquadesk,papillocercus,2
Aquadesk,alpinus,2
Aquadesk,maumeensis,2
Aquadesk,maryae,2
Aquadesk,gemma,2
Aquadesk,ovum,2
Aquadesk,vejdovskyanum,2
Aquadesk,graciliformis,2
Aquadesk,galeata,2
Aquadesk,couchii,2
Aquadesk,marssonii,2
Aquadesk,adhaerens,1
Aquadesk,bacilliformis,1
Aquadesk,amphibia,1
Aquadesk,atherica,1
Aquadesk,aquatilis,1
Aquadesk,acutum,1
Aquadesk,amphiceropsis,1
Aquadesk,amphisbaena,1
Aquadesk,arachnoidea,1
Aquadesk,aequiseta,1
Aquadesk,aequorea,1
Aquadesk,aspersa,1
Aquadesk,angustatula,1
Aquadesk,abludens,1
Aquadesk,lappa,1
Aquadesk,batavus,1
Aquadesk,peterfii,1
Aquadesk,personatum,1
Aquadesk,perlevis,1
Aquadesk,forcipata,1
Aquadesk,formica,1
Aquadesk,pennipes,1
Aquadesk,frequens,1
Aquadesk,frici,1
Aquadesk,paradoxa,1
Aquadesk,opulentum,1
Aquadesk,genuflexa,1
Aquadesk,oleraceus,1
Aquadesk,ocellata,1
Aquadesk,oceanica,1
Aquadesk,obscura,1
Aquadesk,oahuensis,1
Aquadesk,petasatum,1
Aquadesk,foliaceus,1
Aquadesk,behningi,1
Aquadesk,phylleptosoma,1
Aquadesk,pusillum,1
Aquadesk,europaeum,1
Aquadesk,fadejewi,1
Aquadesk,pseudoholsatica,1
Aquadesk,pseudogracilis,1
Aquadesk,pseudocyperus,1
Aquadesk,pseudanglica,1
Aquadesk,proxima,1
Aquadesk,protracta,1
Aquadesk,prostrata,1
Aquadesk,pratensis,1
Aquadesk,polygramma,1
Aquadesk,plioveterana,1
Aquadesk,platystoma,1
Aquadesk,planctonicum,1
Aquadesk,novacekii,1
Aquadesk,glebulenta,1
Aquadesk,graveolens,1
Aquadesk,neritina,1
Aquadesk,inflatus,1
Aquadesk,lugubris,1
Aquadesk,introflexus,1
Aquadesk,investiens,1
Aquadesk,littoralis,1
Aquadesk,littorale,1
Aquadesk,limosus,1
Aquadesk,limosa,1
Aquadesk,korzeniewskii,1
Aquadesk,laciniosus,1
Aquadesk,lacrimula,1
Aquadesk,lemmermannii,1
Aquadesk,latifolia,1
Aquadesk,lancettula,1
Aquadesk,lange-bertalotii,1
Aquadesk,mantegazzianum,1
Aquadesk,marginatum,1
Aquadesk,humerosa,1
Aquadesk,hauckianum,1
Aquadesk,neglectiformis,1
Aquadesk,grischunum,1
Aquadesk,nationalis,1
Aquadesk,nanum,1
Aquadesk,myosotis,1
Aquadesk,musculus,1
Aquadesk,heimii,1
Aquadesk,massa,1
Aquadesk,minutulus,1
Aquadesk,herdmanii,1
Aquadesk,heringianus,1
Aquadesk,microdigitoradiata,1
Aquadesk,menisculus,1
Aquadesk,mediterranea,1
Aquadesk,emersum,1
Aquadesk,elongatum,1
Aquadesk,quadrisetum,1
Aquadesk,tetrachlorelloides,1
Aquadesk,variostriata,1
Aquadesk,variegatus,1
Aquadesk,upsaliensis,1
Aquadesk,uniseriata,1
Aquadesk,chelata,1
Aquadesk,chlorophorum,1
Aquadesk,choctawhatcheeana,1
Aquadesk,tropicoidea,1
Aquadesk,clavatum,1
Aquadesk,clementioides,1
Aquadesk,triappendiculata,1
Aquadesk,triacanthum,1
Aquadesk,coarctata,1
Aquadesk,coffeiformis,1
Aquadesk,thermaloides,1
Aquadesk,ventriconfusa,1
Aquadesk,verrucosus,1
Aquadesk,violaceus,1
Aquadesk,capitellata,1
Aquadesk,berkeleyi,1
Aquadesk,berolinensis,1
Aquadesk,bidens,1
Aquadesk,bremeyeri,1
Aquadesk,californica,1
Aquadesk,calvus,1
Aquadesk,capucina,1
Aquadesk,viride,1
Aquadesk,zachariasii,1
Aquadesk,witkowskii,1
Aquadesk,weissflogii,1
Aquadesk,weberi,1
Aquadesk,visurgis,1
Aquadesk,vistulana,1
Aquadesk,tetras,1
Aquadesk,tenuispina,1
Aquadesk,radians,1
Aquadesk,tenera,1
Aquadesk,setosus,1
Aquadesk,delicia,1
Aquadesk,setaceus,1
Aquadesk,serpyllifolia,1
Aquadesk,diacantha,1
Aquadesk,diastrophus,1
Aquadesk,scalaris,1
Aquadesk,rupium,1
Aquadesk,discoidea,1
Aquadesk,rubrum,1
Aquadesk,rosenstockii,1
Aquadesk,rivicola,1
Aquadesk,ramosissima,1
Aquadesk,radiosafallax,1
Aquadesk,radiata,1
Aquadesk,silesiacum,1
Aquadesk,daui,1
Aquadesk,simula,1
Aquadesk,strumarium,1
Aquadesk,tectiporus,1
Aquadesk,conferta,1
Aquadesk,surirella,1
Aquadesk,subsolitaria,1
Aquadesk,sublinearis,1
Aquadesk,subcistula,1
Aquadesk,straubianum,1
Aquadesk,slesvicensis,1
Aquadesk,creticola,1
Aquadesk,spicata,1
Aquadesk,cummerowi,1
Aquadesk,sorex,1
Aquadesk,solidum,1
Aquadesk,socialis,1
Aquadesk,minimus,1
